{
  "stage_1": {
    "best_threshold": 0.9398342370986938,
    "val_f1_at_tuned_threshold": 0.4412153235959723,
    "default_threshold_metrics": {
      "val": {
        "threshold": 0.5,
        "precision": 0.09200822149679604,
        "recall": 1.0,
        "f1": 0.16851195748449957,
        "auroc": 0.9523432652874193
      },
      "test": {
        "threshold": 0.5,
        "precision": 0.18672665916760406,
        "recall": 1.0,
        "f1": 0.31469194312796206,
        "auroc": 0.9384864672945277
      }
    },
    "tuned_threshold_metrics": {
      "val": {
        "threshold": 0.9398342370986938,
        "precision": 0.4435590969455511,
        "recall": 0.43889618922470436,
        "f1": 0.44121532364597094,
        "auroc": 0.9523432652874193
      },
      "test": {
        "threshold": 0.9398342370986938,
        "precision": 0.6318181818181818,
        "recall": 0.4186746987951807,
        "f1": 0.5036231884057971,
        "auroc": 0.9384864672945277
      }
    }
  },
  "stage_2": {
    "best_threshold": 0.6009601354598999,
    "val_f1_at_tuned_threshold": 0.4454849497827922,
    "default_threshold_metrics": {
      "val": {
        "threshold": 0.5,
        "precision": 0.09170094362448585,
        "recall": 0.9960578186596584,
        "f1": 0.1679406225767143,
        "auroc": 0.9531087986786917
      },
      "test": {
        "threshold": 0.5,
        "precision": 0.1862689926842994,
        "recall": 0.9969879518072289,
        "f1": 0.3138928402086297,
        "auroc": 0.9406176804647548
      }
    },
    "tuned_threshold_metrics": {
      "val": {
        "threshold": 0.6009601354598999,
        "precision": 0.4536784741144414,
        "recall": 0.4375821287779238,
        "f1": 0.4454849498327759,
        "auroc": 0.9531087986786917
      },
      "test": {
        "threshold": 0.6009601354598999,
        "precision": 0.6456310679611651,
        "recall": 0.4006024096385542,
        "f1": 0.4944237918215613,
        "auroc": 0.9406176804647548
      }
    }
  },
  "stage_3a": {
    "best_threshold": 0.5327692627906799,
    "val_f1_at_tuned_threshold": 0.377474702991094,
    "default_threshold_metrics": {
      "val": {
        "threshold": 0.5,
        "precision": 0.0900355871886121,
        "recall": 0.9973718791064389,
        "f1": 0.16516157110216517,
        "auroc": 0.9544295159375702
      },
      "test": {
        "threshold": 0.5,
        "precision": 0.18171866447728516,
        "recall": 1.0,
        "f1": 0.30754979157017137,
        "auroc": 0.9497081696202944
      }
    },
    "tuned_threshold_metrics": {
      "val": {
        "threshold": 0.5327692627906799,
        "precision": 0.2837301587301587,
        "recall": 0.5637319316688568,
        "f1": 0.37747470303563574,
        "auroc": 0.9544295159375702
      },
      "test": {
        "threshold": 0.5327692627906799,
        "precision": 0.5136612021857924,
        "recall": 0.5662650602409639,
        "f1": 0.5386819484240688,
        "auroc": 0.9497081696202944
      }
    }
  },
  "stage_3": {
    "best_threshold": 0.9367393851280212,
    "val_f1_at_tuned_threshold": 0.4383202099237534,
    "default_threshold_metrics": {
      "val": {
        "threshold": 0.5,
        "precision": 0.09196374622356496,
        "recall": 1.0,
        "f1": 0.1684373616644533,
        "auroc": 0.9521943908496149
      },
      "test": {
        "threshold": 0.5,
        "precision": 0.186307519640853,
        "recall": 1.0,
        "f1": 0.3140964995269631,
        "auroc": 0.9387396224501071
      }
    },
    "tuned_threshold_metrics": {
      "val": {
        "threshold": 0.9367393851280212,
        "precision": 0.43774574049803405,
        "recall": 0.43889618922470436,
        "f1": 0.43832020997375326,
        "auroc": 0.9521943908496149
      },
      "test": {
        "threshold": 0.9367393851280212,
        "precision": 0.6289592760180995,
        "recall": 0.4186746987951807,
        "f1": 0.5027124773960217,
        "auroc": 0.9387396224501071
      }
    }
  }
}