{
  "stage_1": {
    "best_threshold": 0.9398342370986938,
    "val_f1_at_tuned_threshold": 0.4412153235959723,
    "default_threshold_metrics": {
      "val": {
        "threshold": 0.5,
        "precision": 0.09200822149679604,
        "recall": 1.0,
        "f1": 0.16851195748449957,
        "auroc": 0.9523432652874192
      },
      "test": {
        "threshold": 0.5,
        "precision": 0.18672665916760406,
        "recall": 1.0,
        "f1": 0.31469194312796206,
        "auroc": 0.9384864672945277
      }
    },
    "tuned_threshold_metrics": {
      "val": {
        "threshold": 0.9398342370986938,
        "precision": 0.4435590969455511,
        "recall": 0.43889618922470436,
        "f1": 0.44121532364597094,
        "auroc": 0.9523432652874192
      },
      "test": {
        "threshold": 0.9398342370986938,
        "precision": 0.6318181818181818,
        "recall": 0.4186746987951807,
        "f1": 0.5036231884057971,
        "auroc": 0.9384864672945277
      }
    }
  },
  "stage_2": {
    "best_threshold": 0.6009601354598999,
    "val_f1_at_tuned_threshold": 0.4454849497827922,
    "default_threshold_metrics": {
      "val": {
        "threshold": 0.5,
        "precision": 0.09170094362448585,
        "recall": 0.9960578186596584,
        "f1": 0.1679406225767143,
        "auroc": 0.9531087699855361
      },
      "test": {
        "threshold": 0.5,
        "precision": 0.1862689926842994,
        "recall": 0.9969879518072289,
        "f1": 0.3138928402086297,
        "auroc": 0.9406176804647548
      }
    },
    "tuned_threshold_metrics": {
      "val": {
        "threshold": 0.6009601354598999,
        "precision": 0.4536784741144414,
        "recall": 0.4375821287779238,
        "f1": 0.4454849498327759,
        "auroc": 0.9531087699855361
      },
      "test": {
        "threshold": 0.6009601354598999,
        "precision": 0.6456310679611651,
        "recall": 0.4006024096385542,
        "f1": 0.4944237918215613,
        "auroc": 0.9406176804647548
      }
    }
  }
}